case_id,timestamp,event,grade_er
S001,2026-05-01T09:00:30,add entity,5.2
S001,2026-05-01T09:01:00,add entity,5.2
S001,2026-05-01T09:01:30,add entity,5.2
S001,2026-05-01T09:02:00,add entity,5.2
S001,2026-05-01T09:02:30,add entity,5.2
S001,2026-05-01T09:03:00,add relation,5.2
S001,2026-05-01T09:03:30,add relation,5.2
S001,2026-05-01T09:04:00,add relation,5.2
S001,2026-05-01T09:04:30,add relation,5.2
S001,2026-05-01T09:05:00,add relation,5.2
S001,2026-05-01T09:05:30,add relation,5.2
S001,2026-05-01T09:06:00,add relation,5.2
S001,2026-05-01T09:06:30,link entity-relation,5.2
S001,2026-05-01T09:07:00,link entity-relation,5.2
S001,2026-05-01T09:07:30,link entity-relation,5.2
S001,2026-05-01T09:08:00,link entity-relation,5.2
S001,2026-05-01T09:08:30,link entity-relation,5.2
S001,2026-05-01T09:09:00,link entity-relation,5.2
S001,2026-05-01T09:09:30,link entity-relation,5.2
S001,2026-05-01T09:10:00,link entity-relation,5.2
S001,2026-05-01T09:10:30,link entity-relation,5.2
S001,2026-05-01T09:11:00,link entity-relation,5.2
S001,2026-05-01T09:11:30,link entity-relation,5.2
S001,2026-05-01T09:12:00,link entity-relation,5.2
S001,2026-05-01T09:12:30,cardin. 1,5.2
S001,2026-05-01T09:13:00,cardin. N,5.2
S001,2026-05-01T09:13:30,cardin. 1,5.2
S001,2026-05-01T09:14:00,cardin. N,5.2
S001,2026-05-01T09:14:30,cardin. 1,5.2
S001,2026-05-01T09:15:00,cardin. N,5.2
S001,2026-05-01T09:15:30,cardin. 1,5.2
S001,2026-05-01T09:16:00,cardin. N,5.2
S001,2026-05-01T09:16:30,cardin. 1,5.2
S001,2026-05-01T09:17:00,cardin. N,5.2
S001,2026-05-01T09:17:30,cardin. 1,5.2
S001,2026-05-01T09:18:00,cardin. N,5.2
S001,2026-05-01T09:18:30,add attrib.,5.2
S001,2026-05-01T09:19:00,add attrib.,5.2
S001,2026-05-01T09:19:30,add attrib.,5.2
S001,2026-05-01T09:20:00,add attrib.,5.2
S001,2026-05-01T09:20:30,add attrib.,5.2
S001,2026-05-01T09:21:00,add attrib.,5.2
S001,2026-05-01T09:21:30,add attrib.,5.2
S001,2026-05-01T09:22:00,add attrib.,5.2
S001,2026-05-01T09:22:30,add attrib.,5.2
S001,2026-05-01T09:23:00,add attrib.,5.2
S001,2026-05-01T09:23:30,add attrib.,5.2
S001,2026-05-01T09:24:00,add attrib.,5.2
S001,2026-05-01T09:24:30,add attrib.,5.2
S001,2026-05-01T09:25:00,add attrib.,5.2
S001,2026-05-01T09:25:30,add attrib.,5.2
S001,2026-05-01T09:26:00,add attrib.,5.2
S001,2026-05-01T09:26:30,add attrib.,5.2
S001,2026-05-01T09:27:00,add attrib.,5.2
S001,2026-05-01T09:27:30,link attribute-entity,5.2
S001,2026-05-01T09:28:00,link attribute-entity,5.2
S001,2026-05-01T09:28:30,link attribute-entity,5.2
S001,2026-05-01T09:29:00,link attribute-entity,5.2
S001,2026-05-01T09:29:30,link attribute-entity,5.2
S001,2026-05-01T09:30:00,link attribute-entity,5.2
S001,2026-05-01T09:30:30,link attribute-entity,5.2
S001,2026-05-01T09:31:00,link attribute-entity,5.2
S001,2026-05-01T09:31:30,link attribute-entity,5.2
S001,2026-05-01T09:32:00,link attribute-entity,5.2
S001,2026-05-01T09:32:30,link attribute-entity,5.2
S001,2026-05-01T09:33:00,link attribute-entity,5.2
S001,2026-05-01T09:33:30,link attribute-entity,5.2
S001,2026-05-01T09:34:00,link attribute-entity,5.2
S001,2026-05-01T09:34:30,link attribute-entity,5.2
S001,2026-05-01T09:35:00,link attribute-entity,5.2
S001,2026-05-01T09:35:30,link attribute-entity,5.2
S001,2026-05-01T09:36:00,link attribute-entity,5.2
S001,2026-05-01T09:36:30,link att-rel,5.2
S001,2026-05-01T09:37:00,link att-rel,5.2
S001,2026-05-01T09:37:30,link att-rel,5.2
S002,2026-05-01T10:00:30,add entity,5.5
S002,2026-05-01T10:01:00,add entity,5.5
S002,2026-05-01T10:01:30,add entity,5.5
S002,2026-05-01T10:02:00,add entity,5.5
S002,2026-05-01T10:02:30,add entity,5.5
S002,2026-05-01T10:03:00,add relation,5.5
S002,2026-05-01T10:03:30,add relation,5.5
S002,2026-05-01T10:04:00,add relation,5.5
S002,2026-05-01T10:04:30,add relation,5.5
S002,2026-05-01T10:05:00,add relation,5.5
S002,2026-05-01T10:05:30,add relation,5.5
S002,2026-05-01T10:06:00,link entity-relation,5.5
S002,2026-05-01T10:06:30,link entity-relation,5.5
S002,2026-05-01T10:07:00,link entity-relation,5.5
S002,2026-05-01T10:07:30,link entity-relation,5.5
S002,2026-05-01T10:08:00,link entity-relation,5.5
S002,2026-05-01T10:08:30,link entity-relation,5.5
S002,2026-05-01T10:09:00,link entity-relation,5.5
S002,2026-05-01T10:09:30,link entity-relation,5.5
S002,2026-05-01T10:10:00,link entity-relation,5.5
S002,2026-05-01T10:10:30,link entity-relation,5.5
S002,2026-05-01T10:11:00,link entity-relation,5.5
S002,2026-05-01T10:11:30,link entity-relation,5.5
S002,2026-05-01T10:12:00,cardin. 1,5.5
S002,2026-05-01T10:12:30,cardin. N,5.5
S002,2026-05-01T10:13:00,cardin. 1,5.5
S002,2026-05-01T10:13:30,cardin. N,5.5
S002,2026-05-01T10:14:00,cardin. 1,5.5
S002,2026-05-01T10:14:30,cardin. N,5.5
S002,2026-05-01T10:15:00,cardin. 1,5.5
S002,2026-05-01T10:15:30,cardin. N,5.5
S002,2026-05-01T10:16:00,cardin. 1,5.5
S002,2026-05-01T10:16:30,cardin. N,5.5
S002,2026-05-01T10:17:00,cardin. 1,5.5
S002,2026-05-01T10:17:30,cardin. N,5.5
S002,2026-05-01T10:18:00,add attrib.,5.5
S002,2026-05-01T10:18:30,add attrib.,5.5
S002,2026-05-01T10:19:00,add attrib.,5.5
S002,2026-05-01T10:19:30,add attrib.,5.5
S002,2026-05-01T10:20:00,add attrib.,5.5
S002,2026-05-01T10:20:30,add attrib.,5.5
S002,2026-05-01T10:21:00,add attrib.,5.5
S002,2026-05-01T10:21:30,add attrib.,5.5
S002,2026-05-01T10:22:00,add attrib.,5.5
S002,2026-05-01T10:22:30,add attrib.,5.5
S002,2026-05-01T10:23:00,add attrib.,5.5
S002,2026-05-01T10:23:30,add attrib.,5.5
S002,2026-05-01T10:24:00,add attrib.,5.5
S002,2026-05-01T10:24:30,add attrib.,5.5
S002,2026-05-01T10:25:00,add attrib.,5.5
S002,2026-05-01T10:25:30,add attrib.,5.5
S002,2026-05-01T10:26:00,add attrib.,5.5
S002,2026-05-01T10:26:30,add attrib.,5.5
S002,2026-05-01T10:27:00,add attrib.,5.5
S002,2026-05-01T10:27:30,add attrib.,5.5
S002,2026-05-01T10:28:00,link attribute-entity,5.5
S002,2026-05-01T10:28:30,link attribute-entity,5.5
S002,2026-05-01T10:29:00,link attribute-entity,5.5
S002,2026-05-01T10:29:30,link attribute-entity,5.5
S002,2026-05-01T10:30:00,link attribute-entity,5.5
S002,2026-05-01T10:30:30,link attribute-entity,5.5
S002,2026-05-01T10:31:00,link attribute-entity,5.5
S002,2026-05-01T10:31:30,link attribute-entity,5.5
S002,2026-05-01T10:32:00,link attribute-entity,5.5
S002,2026-05-01T10:32:30,link attribute-entity,5.5
S002,2026-05-01T10:33:00,link attribute-entity,5.5
S002,2026-05-01T10:33:30,link attribute-entity,5.5
S002,2026-05-01T10:34:00,link attribute-entity,5.5
S002,2026-05-01T10:34:30,link attribute-entity,5.5
S002,2026-05-01T10:35:00,link attribute-entity,5.5
S002,2026-05-01T10:35:30,link attribute-entity,5.5
S002,2026-05-01T10:36:00,link attribute-entity,5.5
S002,2026-05-01T10:36:30,link attribute-entity,5.5
S002,2026-05-01T10:37:00,link attribute-entity,5.5
S002,2026-05-01T10:37:30,link att-rel,5.5
S002,2026-05-01T10:38:00,link att-rel,5.5
S002,2026-05-01T10:38:30,link att-rel,5.5
S002,2026-05-01T10:39:00,del relation,5.5
S003,2026-05-01T11:00:30,add entity,5.8
S003,2026-05-01T11:01:00,add entity,5.8
S003,2026-05-01T11:01:30,add entity,5.8
S003,2026-05-01T11:02:00,add entity,5.8
S003,2026-05-01T11:02:30,add entity,5.8
S003,2026-05-01T11:03:00,add entity,5.8
S003,2026-05-01T11:03:30,del entity,5.8
S003,2026-05-01T11:04:00,add relation,5.8
S003,2026-05-01T11:04:30,add relation,5.8
S003,2026-05-01T11:05:00,add relation,5.8
S003,2026-05-01T11:05:30,add relation,5.8
S003,2026-05-01T11:06:00,add relation,5.8
S003,2026-05-01T11:06:30,add relation,5.8
S003,2026-05-01T11:07:00,add relation,5.8
S003,2026-05-01T11:07:30,link entity-relation,5.8
S003,2026-05-01T11:08:00,link entity-relation,5.8
S003,2026-05-01T11:08:30,link entity-relation,5.8
S003,2026-05-01T11:09:00,link entity-relation,5.8
S003,2026-05-01T11:09:30,link entity-relation,5.8
S003,2026-05-01T11:10:00,link entity-relation,5.8
S003,2026-05-01T11:10:30,link entity-relation,5.8
S003,2026-05-01T11:11:00,link entity-relation,5.8
S003,2026-05-01T11:11:30,link entity-relation,5.8
S003,2026-05-01T11:12:00,link entity-relation,5.8
S003,2026-05-01T11:12:30,link entity-relation,5.8
S003,2026-05-01T11:13:00,link entity-relation,5.8
S003,2026-05-01T11:13:30,link entity-relation,5.8
S003,2026-05-01T11:14:00,link entity-relation,5.8
S003,2026-05-01T11:14:30,cardin. 1,5.8
S003,2026-05-01T11:15:00,cardin. N,5.8
S003,2026-05-01T11:15:30,cardin. 1,5.8
S003,2026-05-01T11:16:00,cardin. N,5.8
S003,2026-05-01T11:16:30,cardin. 1,5.8
S003,2026-05-01T11:17:00,cardin. N,5.8
S003,2026-05-01T11:17:30,cardin. 1,5.8
S003,2026-05-01T11:18:00,cardin. N,5.8
S003,2026-05-01T11:18:30,cardin. 1,5.8
S003,2026-05-01T11:19:00,cardin. N,5.8
S003,2026-05-01T11:19:30,cardin. 1,5.8
S003,2026-05-01T11:20:00,cardin. N,5.8
S003,2026-05-01T11:20:30,cardin. 1,5.8
S003,2026-05-01T11:21:00,cardin. N,5.8
S003,2026-05-01T11:21:30,add attrib.,5.8
S003,2026-05-01T11:22:00,add attrib.,5.8
S003,2026-05-01T11:22:30,add attrib.,5.8
S003,2026-05-01T11:23:00,add attrib.,5.8
S003,2026-05-01T11:23:30,add attrib.,5.8
S003,2026-05-01T11:24:00,add attrib.,5.8
S003,2026-05-01T11:24:30,add attrib.,5.8
S003,2026-05-01T11:25:00,add attrib.,5.8
S003,2026-05-01T11:25:30,add attrib.,5.8
S003,2026-05-01T11:26:00,add attrib.,5.8
S003,2026-05-01T11:26:30,add attrib.,5.8
S003,2026-05-01T11:27:00,add attrib.,5.8
S003,2026-05-01T11:27:30,add attrib.,5.8
S003,2026-05-01T11:28:00,add attrib.,5.8
S003,2026-05-01T11:28:30,add attrib.,5.8
S003,2026-05-01T11:29:00,add attrib.,5.8
S003,2026-05-01T11:29:30,add attrib.,5.8
S003,2026-05-01T11:30:00,add attrib.,5.8
S003,2026-05-01T11:30:30,del attrib.,5.8
S003,2026-05-01T11:31:00,link attribute-entity,5.8
S003,2026-05-01T11:31:30,link attribute-entity,5.8
S003,2026-05-01T11:32:00,link attribute-entity,5.8
S003,2026-05-01T11:32:30,link attribute-entity,5.8
S003,2026-05-01T11:33:00,link attribute-entity,5.8
S003,2026-05-01T11:33:30,link attribute-entity,5.8
S003,2026-05-01T11:34:00,link attribute-entity,5.8
S003,2026-05-01T11:34:30,link attribute-entity,5.8
S003,2026-05-01T11:35:00,link attribute-entity,5.8
S003,2026-05-01T11:35:30,link attribute-entity,5.8
S003,2026-05-01T11:36:00,link attribute-entity,5.8
S003,2026-05-01T11:36:30,link attribute-entity,5.8
S003,2026-05-01T11:37:00,link attribute-entity,5.8
S003,2026-05-01T11:37:30,link attribute-entity,5.8
S003,2026-05-01T11:38:00,link attribute-entity,5.8
S003,2026-05-01T11:38:30,link attribute-entity,5.8
S003,2026-05-01T11:39:00,link attribute-entity,5.8
S003,2026-05-01T11:39:30,link attribute-entity,5.8
S003,2026-05-01T11:40:00,link attribute-entity,5.8
S003,2026-05-01T11:40:30,link attribute-entity,5.8
S003,2026-05-01T11:41:00,link attribute-entity,5.8
S003,2026-05-01T11:41:30,link att-rel,5.8
S003,2026-05-01T11:42:00,link att-rel,5.8
S004,2026-05-01T12:00:30,add entity,6.0
S004,2026-05-01T12:01:00,add entity,6.0
S004,2026-05-01T12:01:30,add entity,6.0
S004,2026-05-01T12:02:00,add entity,6.0
S004,2026-05-01T12:02:30,add entity,6.0
S004,2026-05-01T12:03:00,del entity,6.0
S004,2026-05-01T12:03:30,add relation,6.0
S004,2026-05-01T12:04:00,add relation,6.0
S004,2026-05-01T12:04:30,add relation,6.0
S004,2026-05-01T12:05:00,add relation,6.0
S004,2026-05-01T12:05:30,add relation,6.0
S004,2026-05-01T12:06:00,add relation,6.0
S004,2026-05-01T12:06:30,add relation,6.0
S004,2026-05-01T12:07:00,link entity-relation,6.0
S004,2026-05-01T12:07:30,link entity-relation,6.0
S004,2026-05-01T12:08:00,link entity-relation,6.0
S004,2026-05-01T12:08:30,link entity-relation,6.0
S004,2026-05-01T12:09:00,link entity-relation,6.0
S004,2026-05-01T12:09:30,link entity-relation,6.0
S004,2026-05-01T12:10:00,link entity-relation,6.0
S004,2026-05-01T12:10:30,link entity-relation,6.0
S004,2026-05-01T12:11:00,link entity-relation,6.0
S004,2026-05-01T12:11:30,link entity-relation,6.0
S004,2026-05-01T12:12:00,link entity-relation,6.0
S004,2026-05-01T12:12:30,link entity-relation,6.0
S004,2026-05-01T12:13:00,cardin. 1,6.0
S004,2026-05-01T12:13:30,cardin. N,6.0
S004,2026-05-01T12:14:00,cardin. 1,6.0
S004,2026-05-01T12:14:30,cardin. N,6.0
S004,2026-05-01T12:15:00,cardin. 1,6.0
S004,2026-05-01T12:15:30,cardin. N,6.0
S004,2026-05-01T12:16:00,cardin. 1,6.0
S004,2026-05-01T12:16:30,cardin. N,6.0
S004,2026-05-01T12:17:00,cardin. 1,6.0
S004,2026-05-01T12:17:30,cardin. N,6.0
S004,2026-05-01T12:18:00,cardin. 1,6.0
S004,2026-05-01T12:18:30,cardin. N,6.0
S004,2026-05-01T12:19:00,add attrib.,6.0
S004,2026-05-01T12:19:30,add attrib.,6.0
S004,2026-05-01T12:20:00,add attrib.,6.0
S004,2026-05-01T12:20:30,add attrib.,6.0
S004,2026-05-01T12:21:00,add attrib.,6.0
S004,2026-05-01T12:21:30,add attrib.,6.0
S004,2026-05-01T12:22:00,add attrib.,6.0
S004,2026-05-01T12:22:30,add attrib.,6.0
S004,2026-05-01T12:23:00,add attrib.,6.0
S004,2026-05-01T12:23:30,add attrib.,6.0
S004,2026-05-01T12:24:00,add attrib.,6.0
S004,2026-05-01T12:24:30,add attrib.,6.0
S004,2026-05-01T12:25:00,add attrib.,6.0
S004,2026-05-01T12:25:30,add attrib.,6.0
S004,2026-05-01T12:26:00,add attrib.,6.0
S004,2026-05-01T12:26:30,add attrib.,6.0
S004,2026-05-01T12:27:00,add attrib.,6.0
S004,2026-05-01T12:27:30,add attrib.,6.0
S004,2026-05-01T12:28:00,add attrib.,6.0
S004,2026-05-01T12:28:30,link attribute-entity,6.0
S004,2026-05-01T12:29:00,link attribute-entity,6.0
S004,2026-05-01T12:29:30,link attribute-entity,6.0
S004,2026-05-01T12:30:00,link attribute-entity,6.0
S004,2026-05-01T12:30:30,link attribute-entity,6.0
S004,2026-05-01T12:31:00,link attribute-entity,6.0
S004,2026-05-01T12:31:30,link attribute-entity,6.0
S004,2026-05-01T12:32:00,link attribute-entity,6.0
S004,2026-05-01T12:32:30,link attribute-entity,6.0
S004,2026-05-01T12:33:00,link attribute-entity,6.0
S004,2026-05-01T12:33:30,link attribute-entity,6.0
S004,2026-05-01T12:34:00,link attribute-entity,6.0
S004,2026-05-01T12:34:30,link attribute-entity,6.0
S004,2026-05-01T12:35:00,link attribute-entity,6.0
S004,2026-05-01T12:35:30,link attribute-entity,6.0
S004,2026-05-01T12:36:00,link attribute-entity,6.0
S004,2026-05-01T12:36:30,link attribute-entity,6.0
S004,2026-05-01T12:37:00,link attribute-entity,6.0
S004,2026-05-01T12:37:30,link attribute-entity,6.0
S004,2026-05-01T12:38:00,link attribute-entity,6.0
S004,2026-05-01T12:38:30,link att-rel,6.0
S004,2026-05-01T12:39:00,link att-rel,6.0
S004,2026-05-01T12:39:30,del relation,6.0
S005,2026-05-01T13:00:30,add entity,0.2
S005,2026-05-01T13:01:00,add entity,0.2
S005,2026-05-01T13:01:30,add entity,0.2
S005,2026-05-01T13:02:00,add entity,0.2
S005,2026-05-01T13:02:30,add entity,0.2
S005,2026-05-01T13:03:00,add entity,0.2
S005,2026-05-01T13:03:30,add relation,0.2
S005,2026-05-01T13:04:00,add relation,0.2
S005,2026-05-01T13:04:30,add relation,0.2
S005,2026-05-01T13:05:00,add relation,0.2
S005,2026-05-01T13:05:30,add relation,0.2
S005,2026-05-01T13:06:00,add relation,0.2
S005,2026-05-01T13:06:30,add relation,0.2
S005,2026-05-01T13:07:00,add relation,0.2
S005,2026-05-01T13:07:30,del relation,0.2
S005,2026-05-01T13:08:00,del relation,0.2
S005,2026-05-01T13:08:30,del relation,0.2
S005,2026-05-01T13:09:00,link entity-relation,0.2
S005,2026-05-01T13:09:30,link entity-relation,0.2
S005,2026-05-01T13:10:00,link entity-relation,0.2
S005,2026-05-01T13:10:30,link entity-relation,0.2
S005,2026-05-01T13:11:00,link entity-relation,0.2
S005,2026-05-01T13:11:30,link entity-relation,0.2
S005,2026-05-01T13:12:00,link entity-relation,0.2
S005,2026-05-01T13:12:30,link entity-relation,0.2
S005,2026-05-01T13:13:00,link entity-relation,0.2
S005,2026-05-01T13:13:30,link entity-relation,0.2
S005,2026-05-01T13:14:00,link entity-relation,0.2
S005,2026-05-01T13:14:30,link entity-relation,0.2
S005,2026-05-01T13:15:00,link entity-relation,0.2
S005,2026-05-01T13:15:30,link entity-relation,0.2
S005,2026-05-01T13:16:00,link entity-relation,0.2
S005,2026-05-01T13:16:30,link entity-relation,0.2
S005,2026-05-01T13:17:00,cardin. 1,0.2
S005,2026-05-01T13:17:30,cardin. 1,0.2
S005,2026-05-01T13:18:00,cardin. N,0.2
S005,2026-05-01T13:18:30,cardin. 1,0.2
S005,2026-05-01T13:19:00,cardin. N,0.2
S005,2026-05-01T13:19:30,cardin. 1,0.2
S005,2026-05-01T13:20:00,cardin. 1,0.2
S005,2026-05-01T13:20:30,cardin. N,0.2
S005,2026-05-01T13:21:00,cardin. 1,0.2
S005,2026-05-01T13:21:30,cardin. 1,0.2
S005,2026-05-01T13:22:00,cardin. N,0.2
S005,2026-05-01T13:22:30,cardin. 1,0.2
S005,2026-05-01T13:23:00,cardin. N,0.2
S005,2026-05-01T13:23:30,cardin. N,0.2
S005,2026-05-01T13:24:00,cardin. N,0.2
S005,2026-05-01T13:24:30,add attrib.,0.2
S005,2026-05-01T13:25:00,add attrib.,0.2
S005,2026-05-01T13:25:30,add attrib.,0.2
S005,2026-05-01T13:26:00,add attrib.,0.2
S005,2026-05-01T13:26:30,add attrib.,0.2
S005,2026-05-01T13:27:00,add attrib.,0.2
S005,2026-05-01T13:27:30,add attrib.,0.2
S005,2026-05-01T13:28:00,add attrib.,0.2
S005,2026-05-01T13:28:30,add attrib.,0.2
S005,2026-05-01T13:29:00,add attrib.,0.2
S005,2026-05-01T13:29:30,add attrib.,0.2
S005,2026-05-01T13:30:00,add attrib.,0.2
S005,2026-05-01T13:30:30,add attrib.,0.2
S005,2026-05-01T13:31:00,add attrib.,0.2
S005,2026-05-01T13:31:30,add attrib.,0.2
S005,2026-05-01T13:32:00,add attrib.,0.2
S005,2026-05-01T13:32:30,add attrib.,0.2
S005,2026-05-01T13:33:00,add attrib.,0.2
S005,2026-05-01T13:33:30,add attrib.,0.2
S005,2026-05-01T13:34:00,add attrib.,0.2
S005,2026-05-01T13:34:30,add attrib.,0.2
S005,2026-05-01T13:35:00,add attrib.,0.2
S005,2026-05-01T13:35:30,add attrib.,0.2
S005,2026-05-01T13:36:00,del attrib.,0.2
S005,2026-05-01T13:36:30,del attrib.,0.2
S005,2026-05-01T13:37:00,link attribute-entity,0.2
S005,2026-05-01T13:37:30,link attribute-entity,0.2
S005,2026-05-01T13:38:00,link attribute-entity,0.2
S005,2026-05-01T13:38:30,link attribute-entity,0.2
S005,2026-05-01T13:39:00,link attribute-entity,0.2
S005,2026-05-01T13:39:30,link attribute-entity,0.2
S005,2026-05-01T13:40:00,link attribute-entity,0.2
S005,2026-05-01T13:40:30,link attribute-entity,0.2
S005,2026-05-01T13:41:00,link attribute-entity,0.2
S005,2026-05-01T13:41:30,link attribute-entity,0.2
S005,2026-05-01T13:42:00,link attribute-entity,0.2
S005,2026-05-01T13:42:30,link attribute-entity,0.2
S005,2026-05-01T13:43:00,link attribute-entity,0.2
S005,2026-05-01T13:43:30,link attribute-entity,0.2
S005,2026-05-01T13:44:00,link attribute-entity,0.2
S005,2026-05-01T13:44:30,link attribute-entity,0.2
S005,2026-05-01T13:45:00,link attribute-entity,0.2
S005,2026-05-01T13:45:30,link attribute-entity,0.2
S005,2026-05-01T13:46:00,link attribute-entity,0.2
S005,2026-05-01T13:46:30,link attribute-entity,0.2
S005,2026-05-01T13:47:00,link att-rel,0.2
S005,2026-05-01T13:47:30,link att-rel,0.2
S005,2026-05-01T13:48:00,link att-rel,0.2
S005,2026-05-01T13:48:30,link att-rel,0.2
S006,2026-05-01T14:00:30,add entity,0.4
S006,2026-05-01T14:01:00,add entity,0.4
S006,2026-05-01T14:01:30,add entity,0.4
S006,2026-05-01T14:02:00,add entity,0.4
S006,2026-05-01T14:02:30,add entity,0.4
S006,2026-05-01T14:03:00,add entity,0.4
S006,2026-05-01T14:03:30,del entity,0.4
S006,2026-05-01T14:04:00,add relation,0.4
S006,2026-05-01T14:04:30,add relation,0.4
S006,2026-05-01T14:05:00,add relation,0.4
S006,2026-05-01T14:05:30,add relation,0.4
S006,2026-05-01T14:06:00,add relation,0.4
S006,2026-05-01T14:06:30,add relation,0.4
S006,2026-05-01T14:07:00,add relation,0.4
S006,2026-05-01T14:07:30,del relation,0.4
S006,2026-05-01T14:08:00,del relation,0.4
S006,2026-05-01T14:08:30,link entity-relation,0.4
S006,2026-05-01T14:09:00,link entity-relation,0.4
S006,2026-05-01T14:09:30,link entity-relation,0.4
S006,2026-05-01T14:10:00,link entity-relation,0.4
S006,2026-05-01T14:10:30,link entity-relation,0.4
S006,2026-05-01T14:11:00,link entity-relation,0.4
S006,2026-05-01T14:11:30,link entity-relation,0.4
S006,2026-05-01T14:12:00,link entity-relation,0.4
S006,2026-05-01T14:12:30,link entity-relation,0.4
S006,2026-05-01T14:13:00,link entity-relation,0.4
S006,2026-05-01T14:13:30,link entity-relation,0.4
S006,2026-05-01T14:14:00,link entity-relation,0.4
S006,2026-05-01T14:14:30,link entity-relation,0.4
S006,2026-05-01T14:15:00,cardin. 1,0.4
S006,2026-05-01T14:15:30,cardin. N,0.4
S006,2026-05-01T14:16:00,cardin. 1,0.4
S006,2026-05-01T14:16:30,cardin. N,0.4
S006,2026-05-01T14:17:00,cardin. 1,0.4
S006,2026-05-01T14:17:30,cardin. N,0.4
S006,2026-05-01T14:18:00,cardin. 1,0.4
S006,2026-05-01T14:18:30,cardin. N,0.4
S006,2026-05-01T14:19:00,cardin. 1,0.4
S006,2026-05-01T14:19:30,cardin. N,0.4
S006,2026-05-01T14:20:00,cardin. 1,0.4
S006,2026-05-01T14:20:30,cardin. N,0.4
S006,2026-05-01T14:21:00,cardin. 1,0.4
S006,2026-05-01T14:21:30,cardin. N,0.4
S006,2026-05-01T14:22:00,cardin. 1,0.4
S006,2026-05-01T14:22:30,cardin. N,0.4
S006,2026-05-01T14:23:00,cardin. 1,0.4
S006,2026-05-01T14:23:30,cardin. N,0.4
S006,2026-05-01T14:24:00,cardin. 1,0.4
S006,2026-05-01T14:24:30,cardin. N,0.4
S006,2026-05-01T14:25:00,cardin. N,0.4
S006,2026-05-01T14:25:30,cardin. N,0.4
S006,2026-05-01T14:26:00,cardin. N,0.4
S006,2026-05-01T14:26:30,cardin. N,0.4
S006,2026-05-01T14:27:00,add attrib.,0.4
S006,2026-05-01T14:27:30,add attrib.,0.4
S006,2026-05-01T14:28:00,add attrib.,0.4
S006,2026-05-01T14:28:30,add attrib.,0.4
S006,2026-05-01T14:29:00,add attrib.,0.4
S006,2026-05-01T14:29:30,add attrib.,0.4
S006,2026-05-01T14:30:00,add attrib.,0.4
S006,2026-05-01T14:30:30,add attrib.,0.4
S006,2026-05-01T14:31:00,add attrib.,0.4
S006,2026-05-01T14:31:30,add attrib.,0.4
S006,2026-05-01T14:32:00,add attrib.,0.4
S006,2026-05-01T14:32:30,add attrib.,0.4
S006,2026-05-01T14:33:00,add attrib.,0.4
S006,2026-05-01T14:33:30,add attrib.,0.4
S006,2026-05-01T14:34:00,add attrib.,0.4
S006,2026-05-01T14:34:30,add attrib.,0.4
S006,2026-05-01T14:35:00,add attrib.,0.4
S006,2026-05-01T14:35:30,add attrib.,0.4
S006,2026-05-01T14:36:00,add attrib.,0.4
S006,2026-05-01T14:36:30,add attrib.,0.4
S006,2026-05-01T14:37:00,add attrib.,0.4
S006,2026-05-01T14:37:30,add attrib.,0.4
S006,2026-05-01T14:38:00,add attrib.,0.4
S006,2026-05-01T14:38:30,add attrib.,0.4
S006,2026-05-01T14:39:00,add attrib.,0.4
S006,2026-05-01T14:39:30,add attrib.,0.4
S006,2026-05-01T14:40:00,del attrib.,0.4
S006,2026-05-01T14:40:30,del attrib.,0.4
S006,2026-05-01T14:41:00,link attribute-entity,0.4
S006,2026-05-01T14:41:30,link attribute-entity,0.4
S006,2026-05-01T14:42:00,link attribute-entity,0.4
S006,2026-05-01T14:42:30,link attribute-entity,0.4
S006,2026-05-01T14:43:00,link attribute-entity,0.4
S006,2026-05-01T14:43:30,link attribute-entity,0.4
S006,2026-05-01T14:44:00,link attribute-entity,0.4
S006,2026-05-01T14:44:30,link attribute-entity,0.4
S006,2026-05-01T14:45:00,link attribute-entity,0.4
S006,2026-05-01T14:45:30,link attribute-entity,0.4
S006,2026-05-01T14:46:00,link attribute-entity,0.4
S006,2026-05-01T14:46:30,link attribute-entity,0.4
S006,2026-05-01T14:47:00,link attribute-entity,0.4
S006,2026-05-01T14:47:30,link attribute-entity,0.4
S006,2026-05-01T14:48:00,link attribute-entity,0.4
S006,2026-05-01T14:48:30,link attribute-entity,0.4
S006,2026-05-01T14:49:00,link attribute-entity,0.4
S006,2026-05-01T14:49:30,link attribute-entity,0.4
S006,2026-05-01T14:50:00,link attribute-entity,0.4
S006,2026-05-01T14:50:30,link attribute-entity,0.4
S006,2026-05-01T14:51:00,link attribute-entity,0.4
S006,2026-05-01T14:51:30,link attribute-entity,0.4
S006,2026-05-01T14:52:00,link attribute-entity,0.4
S006,2026-05-01T14:52:30,link attribute-entity,0.4
S006,2026-05-01T14:53:00,link attribute-entity,0.4
S006,2026-05-01T14:53:30,link att-rel,0.4
S006,2026-05-01T14:54:00,link att-rel,0.4
S006,2026-05-01T14:54:30,link att-rel,0.4
S006,2026-05-01T14:55:00,link att-rel,0.4
S006,2026-05-01T14:55:30,link att-rel,0.4
S007,2026-05-01T15:00:30,add entity,0.7
S007,2026-05-01T15:01:00,add entity,0.7
S007,2026-05-01T15:01:30,add entity,0.7
S007,2026-05-01T15:02:00,add entity,0.7
S007,2026-05-01T15:02:30,add entity,0.7
S007,2026-05-01T15:03:00,add relation,0.7
S007,2026-05-01T15:03:30,add relation,0.7
S007,2026-05-01T15:04:00,add relation,0.7
S007,2026-05-01T15:04:30,add relation,0.7
S007,2026-05-01T15:05:00,add relation,0.7
S007,2026-05-01T15:05:30,add relation,0.7
S007,2026-05-01T15:06:00,add relation,0.7
S007,2026-05-01T15:06:30,del relation,0.7
S007,2026-05-01T15:07:00,del relation,0.7
S007,2026-05-01T15:07:30,del relation,0.7
S007,2026-05-01T15:08:00,link entity-relation,0.7
S007,2026-05-01T15:08:30,link entity-relation,0.7
S007,2026-05-01T15:09:00,link entity-relation,0.7
S007,2026-05-01T15:09:30,link entity-relation,0.7
S007,2026-05-01T15:10:00,link entity-relation,0.7
S007,2026-05-01T15:10:30,link entity-relation,0.7
S007,2026-05-01T15:11:00,link entity-relation,0.7
S007,2026-05-01T15:11:30,link entity-relation,0.7
S007,2026-05-01T15:12:00,link entity-relation,0.7
S007,2026-05-01T15:12:30,link entity-relation,0.7
S007,2026-05-01T15:13:00,link entity-relation,0.7
S007,2026-05-01T15:13:30,link entity-relation,0.7
S007,2026-05-01T15:14:00,link entity-relation,0.7
S007,2026-05-01T15:14:30,link entity-relation,0.7
S007,2026-05-01T15:15:00,cardin. 1,0.7
S007,2026-05-01T15:15:30,cardin. N,0.7
S007,2026-05-01T15:16:00,cardin. 1,0.7
S007,2026-05-01T15:16:30,cardin. 1,0.7
S007,2026-05-01T15:17:00,cardin. 1,0.7
S007,2026-05-01T15:17:30,cardin. N,0.7
S007,2026-05-01T15:18:00,cardin. 1,0.7
S007,2026-05-01T15:18:30,cardin. N,0.7
S007,2026-05-01T15:19:00,cardin. 1,0.7
S007,2026-05-01T15:19:30,cardin. N,0.7
S007,2026-05-01T15:20:00,cardin. 1,0.7
S007,2026-05-01T15:20:30,cardin. 1,0.7
S007,2026-05-01T15:21:00,cardin. N,0.7
S007,2026-05-01T15:21:30,cardin. N,0.7
S007,2026-05-01T15:22:00,cardin. N,0.7
S007,2026-05-01T15:22:30,cardin. N,0.7
S007,2026-05-01T15:23:00,add attrib.,0.7
S007,2026-05-01T15:23:30,add attrib.,0.7
S007,2026-05-01T15:24:00,add attrib.,0.7
S007,2026-05-01T15:24:30,add attrib.,0.7
S007,2026-05-01T15:25:00,add attrib.,0.7
S007,2026-05-01T15:25:30,add attrib.,0.7
S007,2026-05-01T15:26:00,add attrib.,0.7
S007,2026-05-01T15:26:30,add attrib.,0.7
S007,2026-05-01T15:27:00,add attrib.,0.7
S007,2026-05-01T15:27:30,add attrib.,0.7
S007,2026-05-01T15:28:00,add attrib.,0.7
S007,2026-05-01T15:28:30,add attrib.,0.7
S007,2026-05-01T15:29:00,add attrib.,0.7
S007,2026-05-01T15:29:30,add attrib.,0.7
S007,2026-05-01T15:30:00,add attrib.,0.7
S007,2026-05-01T15:30:30,add attrib.,0.7
S007,2026-05-01T15:31:00,add attrib.,0.7
S007,2026-05-01T15:31:30,add attrib.,0.7
S007,2026-05-01T15:32:00,add attrib.,0.7
S007,2026-05-01T15:32:30,add attrib.,0.7
S007,2026-05-01T15:33:00,add attrib.,0.7
S007,2026-05-01T15:33:30,add attrib.,0.7
S007,2026-05-01T15:34:00,add attrib.,0.7
S007,2026-05-01T15:34:30,del attrib.,0.7
S007,2026-05-01T15:35:00,del attrib.,0.7
S007,2026-05-01T15:35:30,link attribute-entity,0.7
S007,2026-05-01T15:36:00,link attribute-entity,0.7
S007,2026-05-01T15:36:30,link attribute-entity,0.7
S007,2026-05-01T15:37:00,link attribute-entity,0.7
S007,2026-05-01T15:37:30,link attribute-entity,0.7
S007,2026-05-01T15:38:00,link attribute-entity,0.7
S007,2026-05-01T15:38:30,link attribute-entity,0.7
S007,2026-05-01T15:39:00,link attribute-entity,0.7
S007,2026-05-01T15:39:30,link attribute-entity,0.7
S007,2026-05-01T15:40:00,link attribute-entity,0.7
S007,2026-05-01T15:40:30,link attribute-entity,0.7
S007,2026-05-01T15:41:00,link attribute-entity,0.7
S007,2026-05-01T15:41:30,link attribute-entity,0.7
S007,2026-05-01T15:42:00,link attribute-entity,0.7
S007,2026-05-01T15:42:30,link attribute-entity,0.7
S007,2026-05-01T15:43:00,link attribute-entity,0.7
S007,2026-05-01T15:43:30,link attribute-entity,0.7
S007,2026-05-01T15:44:00,link attribute-entity,0.7
S007,2026-05-01T15:44:30,link attribute-entity,0.7
S007,2026-05-01T15:45:00,link attribute-entity,0.7
S007,2026-05-01T15:45:30,link attribute-entity,0.7
S007,2026-05-01T15:46:00,link attribute-entity,0.7
S007,2026-05-01T15:46:30,link attribute-entity,0.7
S007,2026-05-01T15:47:00,link attribute-entity,0.7
S007,2026-05-01T15:47:30,link attribute-entity,0.7
S007,2026-05-01T15:48:00,link att-rel,0.7
S007,2026-05-01T15:48:30,link att-rel,0.7
S007,2026-05-01T15:49:00,link att-rel,0.7
S007,2026-05-01T15:49:30,link att-rel,0.7
S007,2026-05-01T15:50:00,link att-rel,0.7
S007,2026-05-01T15:50:30,unlink att-rel,0.7
S007,2026-05-01T15:51:00,unlink att-rel,0.7
S008,2026-05-01T16:00:30,add entity,0.9
S008,2026-05-01T16:01:00,add entity,0.9
S008,2026-05-01T16:01:30,add entity,0.9
S008,2026-05-01T16:02:00,add entity,0.9
S008,2026-05-01T16:02:30,add entity,0.9
S008,2026-05-01T16:03:00,add entity,0.9
S008,2026-05-01T16:03:30,add entity,0.9
S008,2026-05-01T16:04:00,del entity,0.9
S008,2026-05-01T16:04:30,add relation,0.9
S008,2026-05-01T16:05:00,add relation,0.9
S008,2026-05-01T16:05:30,add relation,0.9
S008,2026-05-01T16:06:00,add relation,0.9
S008,2026-05-01T16:06:30,add relation,0.9
S008,2026-05-01T16:07:00,add relation,0.9
S008,2026-05-01T16:07:30,add relation,0.9
S008,2026-05-01T16:08:00,del relation,0.9
S008,2026-05-01T16:08:30,link entity-relation,0.9
S008,2026-05-01T16:09:00,link entity-relation,0.9
S008,2026-05-01T16:09:30,link entity-relation,0.9
S008,2026-05-01T16:10:00,link entity-relation,0.9
S008,2026-05-01T16:10:30,link entity-relation,0.9
S008,2026-05-01T16:11:00,link entity-relation,0.9
S008,2026-05-01T16:11:30,link entity-relation,0.9
S008,2026-05-01T16:12:00,link entity-relation,0.9
S008,2026-05-01T16:12:30,link entity-relation,0.9
S008,2026-05-01T16:13:00,link entity-relation,0.9
S008,2026-05-01T16:13:30,link entity-relation,0.9
S008,2026-05-01T16:14:00,link entity-relation,0.9
S008,2026-05-01T16:14:30,link entity-relation,0.9
S008,2026-05-01T16:15:00,cardin. 1,0.9
S008,2026-05-01T16:15:30,cardin. N,0.9
S008,2026-05-01T16:16:00,cardin. 1,0.9
S008,2026-05-01T16:16:30,cardin. N,0.9
S008,2026-05-01T16:17:00,cardin. 1,0.9
S008,2026-05-01T16:17:30,cardin. N,0.9
S008,2026-05-01T16:18:00,cardin. 1,0.9
S008,2026-05-01T16:18:30,cardin. N,0.9
S008,2026-05-01T16:19:00,cardin. 1,0.9
S008,2026-05-01T16:19:30,cardin. 1,0.9
S008,2026-05-01T16:20:00,cardin. N,0.9
S008,2026-05-01T16:20:30,cardin. 1,0.9
S008,2026-05-01T16:21:00,cardin. N,0.9
S008,2026-05-01T16:21:30,cardin. 1,0.9
S008,2026-05-01T16:22:00,cardin. N,0.9
S008,2026-05-01T16:22:30,cardin. 1,0.9
S008,2026-05-01T16:23:00,cardin. 1,0.9
S008,2026-05-01T16:23:30,cardin. N,0.9
S008,2026-05-01T16:24:00,cardin. 1,0.9
S008,2026-05-01T16:24:30,cardin. N,0.9
S008,2026-05-01T16:25:00,cardin. N,0.9
S008,2026-05-01T16:25:30,add attrib.,0.9
S008,2026-05-01T16:26:00,add attrib.,0.9
S008,2026-05-01T16:26:30,add attrib.,0.9
S008,2026-05-01T16:27:00,add attrib.,0.9
S008,2026-05-01T16:27:30,add attrib.,0.9
S008,2026-05-01T16:28:00,add attrib.,0.9
S008,2026-05-01T16:28:30,add attrib.,0.9
S008,2026-05-01T16:29:00,add attrib.,0.9
S008,2026-05-01T16:29:30,add attrib.,0.9
S008,2026-05-01T16:30:00,add attrib.,0.9
S008,2026-05-01T16:30:30,add attrib.,0.9
S008,2026-05-01T16:31:00,add attrib.,0.9
S008,2026-05-01T16:31:30,add attrib.,0.9
S008,2026-05-01T16:32:00,add attrib.,0.9
S008,2026-05-01T16:32:30,add attrib.,0.9
S008,2026-05-01T16:33:00,add attrib.,0.9
S008,2026-05-01T16:33:30,add attrib.,0.9
S008,2026-05-01T16:34:00,add attrib.,0.9
S008,2026-05-01T16:34:30,add attrib.,0.9
S008,2026-05-01T16:35:00,add attrib.,0.9
S008,2026-05-01T16:35:30,add attrib.,0.9
S008,2026-05-01T16:36:00,add attrib.,0.9
S008,2026-05-01T16:36:30,del attrib.,0.9
S008,2026-05-01T16:37:00,del attrib.,0.9
S008,2026-05-01T16:37:30,link attribute-entity,0.9
S008,2026-05-01T16:38:00,link attribute-entity,0.9
S008,2026-05-01T16:38:30,link attribute-entity,0.9
S008,2026-05-01T16:39:00,link attribute-entity,0.9
S008,2026-05-01T16:39:30,link attribute-entity,0.9
S008,2026-05-01T16:40:00,link attribute-entity,0.9
S008,2026-05-01T16:40:30,link attribute-entity,0.9
S008,2026-05-01T16:41:00,link attribute-entity,0.9
S008,2026-05-01T16:41:30,link attribute-entity,0.9
S008,2026-05-01T16:42:00,link attribute-entity,0.9
S008,2026-05-01T16:42:30,link attribute-entity,0.9
S008,2026-05-01T16:43:00,link attribute-entity,0.9
S008,2026-05-01T16:43:30,link attribute-entity,0.9
S008,2026-05-01T16:44:00,link attribute-entity,0.9
S008,2026-05-01T16:44:30,link attribute-entity,0.9
S008,2026-05-01T16:45:00,link attribute-entity,0.9
S008,2026-05-01T16:45:30,link attribute-entity,0.9
S008,2026-05-01T16:46:00,link attribute-entity,0.9
S008,2026-05-01T16:46:30,link attribute-entity,0.9
S008,2026-05-01T16:47:00,link attribute-entity,0.9
S008,2026-05-01T16:47:30,link attribute-entity,0.9
S008,2026-05-01T16:48:00,link attribute-entity,0.9
S008,2026-05-01T16:48:30,link attribute-entity,0.9
S008,2026-05-01T16:49:00,link attribute-entity,0.9
S008,2026-05-01T16:49:30,link attribute-entity,0.9
S008,2026-05-01T16:50:00,link att-rel,0.9
S008,2026-05-01T16:50:30,link att-rel,0.9
S008,2026-05-01T16:51:00,link att-rel,0.9
S008,2026-05-01T16:51:30,link att-rel,0.9
S008,2026-05-01T16:52:00,link att-rel,0.9
S009,2026-05-01T17:00:30,add entity,2.8
S009,2026-05-01T17:01:00,add entity,2.8
S009,2026-05-01T17:01:30,add entity,2.8
S009,2026-05-01T17:02:00,add entity,2.8
S009,2026-05-01T17:02:30,add entity,2.8
S009,2026-05-01T17:03:00,add entity,2.8
S009,2026-05-01T17:03:30,del entity,2.8
S009,2026-05-01T17:04:00,add relation,2.8
S009,2026-05-01T17:04:30,add relation,2.8
S009,2026-05-01T17:05:00,add relation,2.8
S009,2026-05-01T17:05:30,add relation,2.8
S009,2026-05-01T17:06:00,add relation,2.8
S009,2026-05-01T17:06:30,add relation,2.8
S009,2026-05-01T17:07:00,del relation,2.8
S009,2026-05-01T17:07:30,del relation,2.8
S009,2026-05-01T17:08:00,link entity-relation,2.8
S009,2026-05-01T17:08:30,link entity-relation,2.8
S009,2026-05-01T17:09:00,link entity-relation,2.8
S009,2026-05-01T17:09:30,link entity-relation,2.8
S009,2026-05-01T17:10:00,link entity-relation,2.8
S009,2026-05-01T17:10:30,link entity-relation,2.8
S009,2026-05-01T17:11:00,link entity-relation,2.8
S009,2026-05-01T17:11:30,link entity-relation,2.8
S009,2026-05-01T17:12:00,link entity-relation,2.8
S009,2026-05-01T17:12:30,link entity-relation,2.8
S009,2026-05-01T17:13:00,link entity-relation,2.8
S009,2026-05-01T17:13:30,cardin. N,2.8
S009,2026-05-01T17:14:00,cardin. 1,2.8
S009,2026-05-01T17:14:30,cardin. 1,2.8
S009,2026-05-01T17:15:00,cardin. N,2.8
S009,2026-05-01T17:15:30,cardin. 1,2.8
S009,2026-05-01T17:16:00,cardin. 1,2.8
S009,2026-05-01T17:16:30,cardin. N,2.8
S009,2026-05-01T17:17:00,cardin. 1,2.8
S009,2026-05-01T17:17:30,cardin. 1,2.8
S009,2026-05-01T17:18:00,add attrib.,2.8
S009,2026-05-01T17:18:30,add attrib.,2.8
S009,2026-05-01T17:19:00,add attrib.,2.8
S009,2026-05-01T17:19:30,add attrib.,2.8
S009,2026-05-01T17:20:00,add attrib.,2.8
S009,2026-05-01T17:20:30,add attrib.,2.8
S009,2026-05-01T17:21:00,add attrib.,2.8
S009,2026-05-01T17:21:30,add attrib.,2.8
S009,2026-05-01T17:22:00,add attrib.,2.8
S009,2026-05-01T17:22:30,add attrib.,2.8
S009,2026-05-01T17:23:00,add attrib.,2.8
S009,2026-05-01T17:23:30,add attrib.,2.8
S009,2026-05-01T17:24:00,add attrib.,2.8
S009,2026-05-01T17:24:30,add attrib.,2.8
S009,2026-05-01T17:25:00,add attrib.,2.8
S009,2026-05-01T17:25:30,add attrib.,2.8
S009,2026-05-01T17:26:00,add attrib.,2.8
S009,2026-05-01T17:26:30,add attrib.,2.8
S009,2026-05-01T17:27:00,add attrib.,2.8
S009,2026-05-01T17:27:30,add attrib.,2.8
S009,2026-05-01T17:28:00,add attrib.,2.8
S009,2026-05-01T17:28:30,del attrib.,2.8
S009,2026-05-01T17:29:00,link attribute-entity,2.8
S009,2026-05-01T17:29:30,link attribute-entity,2.8
S009,2026-05-01T17:30:00,link attribute-entity,2.8
S009,2026-05-01T17:30:30,link attribute-entity,2.8
S009,2026-05-01T17:31:00,link attribute-entity,2.8
S009,2026-05-01T17:31:30,link attribute-entity,2.8
S009,2026-05-01T17:32:00,link attribute-entity,2.8
S009,2026-05-01T17:32:30,link attribute-entity,2.8
S009,2026-05-01T17:33:00,link attribute-entity,2.8
S009,2026-05-01T17:33:30,link attribute-entity,2.8
S009,2026-05-01T17:34:00,link attribute-entity,2.8
S009,2026-05-01T17:34:30,link attribute-entity,2.8
S009,2026-05-01T17:35:00,link attribute-entity,2.8
S009,2026-05-01T17:35:30,link attribute-entity,2.8
S009,2026-05-01T17:36:00,link attribute-entity,2.8
S009,2026-05-01T17:36:30,link attribute-entity,2.8
S009,2026-05-01T17:37:00,link attribute-entity,2.8
S009,2026-05-01T17:37:30,link attribute-entity,2.8
S009,2026-05-01T17:38:00,link att-rel,2.8
S010,2026-05-01T18:00:30,add entity,4.2
S010,2026-05-01T18:01:00,add entity,4.2
S010,2026-05-01T18:01:30,add entity,4.2
S010,2026-05-01T18:02:00,add entity,4.2
S010,2026-05-01T18:02:30,add entity,4.2
S010,2026-05-01T18:03:00,add entity,4.2
S010,2026-05-01T18:03:30,del entity,4.2
S010,2026-05-01T18:04:00,add relation,4.2
S010,2026-05-01T18:04:30,add relation,4.2
S010,2026-05-01T18:05:00,add relation,4.2
S010,2026-05-01T18:05:30,add relation,4.2
S010,2026-05-01T18:06:00,add relation,4.2
S010,2026-05-01T18:06:30,add relation,4.2
S010,2026-05-01T18:07:00,link entity-relation,4.2
S010,2026-05-01T18:07:30,link entity-relation,4.2
S010,2026-05-01T18:08:00,link entity-relation,4.2
S010,2026-05-01T18:08:30,link entity-relation,4.2
S010,2026-05-01T18:09:00,link entity-relation,4.2
S010,2026-05-01T18:09:30,link entity-relation,4.2
S010,2026-05-01T18:10:00,link entity-relation,4.2
S010,2026-05-01T18:10:30,link entity-relation,4.2
S010,2026-05-01T18:11:00,link entity-relation,4.2
S010,2026-05-01T18:11:30,link entity-relation,4.2
S010,2026-05-01T18:12:00,link entity-relation,4.2
S010,2026-05-01T18:12:30,link entity-relation,4.2
S010,2026-05-01T18:13:00,cardin. 1,4.2
S010,2026-05-01T18:13:30,cardin. 1,4.2
S010,2026-05-01T18:14:00,cardin. N,4.2
S010,2026-05-01T18:14:30,cardin. 1,4.2
S010,2026-05-01T18:15:00,cardin. 1,4.2
S010,2026-05-01T18:15:30,cardin. 1,4.2
S010,2026-05-01T18:16:00,cardin. N,4.2
S010,2026-05-01T18:16:30,cardin. 1,4.2
S010,2026-05-01T18:17:00,cardin. N,4.2
S010,2026-05-01T18:17:30,add attrib.,4.2
S010,2026-05-01T18:18:00,add attrib.,4.2
S010,2026-05-01T18:18:30,add attrib.,4.2
S010,2026-05-01T18:19:00,add attrib.,4.2
S010,2026-05-01T18:19:30,add attrib.,4.2
S010,2026-05-01T18:20:00,add attrib.,4.2
S010,2026-05-01T18:20:30,add attrib.,4.2
S010,2026-05-01T18:21:00,add attrib.,4.2
S010,2026-05-01T18:21:30,add attrib.,4.2
S010,2026-05-01T18:22:00,add attrib.,4.2
S010,2026-05-01T18:22:30,add attrib.,4.2
S010,2026-05-01T18:23:00,add attrib.,4.2
S010,2026-05-01T18:23:30,add attrib.,4.2
S010,2026-05-01T18:24:00,add attrib.,4.2
S010,2026-05-01T18:24:30,add attrib.,4.2
S010,2026-05-01T18:25:00,add attrib.,4.2
S010,2026-05-01T18:25:30,add attrib.,4.2
S010,2026-05-01T18:26:00,add attrib.,4.2
S010,2026-05-01T18:26:30,add attrib.,4.2
S010,2026-05-01T18:27:00,add attrib.,4.2
S010,2026-05-01T18:27:30,add attrib.,4.2
S010,2026-05-01T18:28:00,add attrib.,4.2
S010,2026-05-01T18:28:30,link attribute-entity,4.2
S010,2026-05-01T18:29:00,link attribute-entity,4.2
S010,2026-05-01T18:29:30,link attribute-entity,4.2
S010,2026-05-01T18:30:00,link attribute-entity,4.2
S010,2026-05-01T18:30:30,link attribute-entity,4.2
S010,2026-05-01T18:31:00,link attribute-entity,4.2
S010,2026-05-01T18:31:30,link attribute-entity,4.2
S010,2026-05-01T18:32:00,link attribute-entity,4.2
S010,2026-05-01T18:32:30,link attribute-entity,4.2
S010,2026-05-01T18:33:00,link attribute-entity,4.2
S010,2026-05-01T18:33:30,link attribute-entity,4.2
S010,2026-05-01T18:34:00,link attribute-entity,4.2
S010,2026-05-01T18:34:30,link attribute-entity,4.2
S010,2026-05-01T18:35:00,link attribute-entity,4.2
S010,2026-05-01T18:35:30,link attribute-entity,4.2
S010,2026-05-01T18:36:00,link attribute-entity,4.2
S010,2026-05-01T18:36:30,link attribute-entity,4.2
S010,2026-05-01T18:37:00,link attribute-entity,4.2
S010,2026-05-01T18:37:30,link attribute-entity,4.2
S010,2026-05-01T18:38:00,link attribute-entity,4.2
S010,2026-05-01T18:38:30,link attribute-entity,4.2
S010,2026-05-01T18:39:00,link attribute-entity,4.2
S010,2026-05-01T18:39:30,link att-rel,4.2
S010,2026-05-01T18:40:00,link att-rel,4.2
